{
"nbre_dates":9,
"dates":[{
	"date":"24 février",
	"lien":"/grands-formats/visuel/2015/02/24/objectif-mitaraka-destination-terra-incognita_4582595_4497053.html",
	"url_vignette":"http://medias.lemonde.fr/mmpub/xml/flash/vignette1.jpg"	,
	"titre":"Destination «&nbsp;terra incognita&nbsp;»",
	"episode":"Episode 1",	
	"actif":true
	},
	{
	"date":"27 février",
	"lien":"/grands-formats/visuel/2015/02/27/objectif-mitaraka-en-pleine-jungle-la-science-fait-son-nid_4584526_4497053.html",
	"url_vignette":"http://medias.lemonde.fr/mmpub/xml/flash/jour2-vignettes.jpg"	,
	"titre":"En pleine jungle, la science fait son nid",
	"episode":"Episode 2",	
	"actif":true
	},
	{
	"date":"5 Mars",
	"lien":"/grands-formats/visuel/2015/03/06/objectif-mitaraka-episode-3-l-arsenal-entomologique_4588663_4497053.html",
	"url_vignette":"http://medias.lemonde.fr/mmpub/xml/flash/jour4-vignettes.jpg"	,
	"titre":"L’arsenal entomologique",
	"episode":"Episode 3",	
	"actif":true
	},
	{
	"date":"11 Mars",
	"lien":"/planete/visuel/2015/03/13/objectif-mitaraka-episode-4-chasseurs-d-arbres_4593274_3244.html",
	"url_vignette":"http://medias.lemonde.fr/mmpub/xml/flash/jour5-vignettes.jpg"	,
	"titre":"Chasseurs d’arbres",
	"episode":"Episode 4",	
	"actif":true
	},
	{
	"date":"13 Mars",
	"lien":"/planete/visuel/2015/03/16/objectif-mitaraka-episode-5-le-maitre-de-la-brousse-capture_4594611_3244.html",
	"url_vignette":"http://medias.lemonde.fr/mmpub/xml/flash/jour6-vignettes.jpg"	,
	"titre":"Le \"maitre de la brousse\" capturé",
	"episode":"Episode 5",	
	"actif":true
	}
	]
}